{"cameraMode":{"drawMode":0,"name":"Shaded","section":"Shading Mode"},"sceneLighting":false,"audioPlay":false,"sceneViewState":{"m_AlwaysRefresh":false,"showFog":true,"showSkybox":false,"showFlares":true,"showImageEffects":true,"showParticleSystems":true,"showVisualEffectGraphs":true,"m_FxEnabled":true},"in2DMode":false,"pivot":{"x":-0.025000333786010743,"y":-0.000030517578125,"z":11.788419723510743},"rotation":{"x":-0.0797046571969986,"y":0.023021165281534196,"z":-0.0018430015770718456,"w":-0.9965609908103943},"size":14.305649757385254,"orthographic":false}