{"cameraMode":{"drawMode":0,"name":"Shaded","section":"Shading Mode"},"sceneLighting":false,"audioPlay":false,"sceneViewState":{"m_AlwaysRefresh":false,"showFog":true,"showSkybox":false,"showFlares":true,"showImageEffects":true,"showParticleSystems":true,"showVisualEffectGraphs":true,"m_FxEnabled":true},"in2DMode":false,"pivot":{"x":3.726522922515869,"y":-2.5716800689697267,"z":10.068918228149414},"rotation":{"x":-0.0797046571969986,"y":0.023021165281534196,"z":-0.0018430015770718456,"w":-0.9965609908103943},"size":11.53376579284668,"orthographic":false}