{"cameraMode":{"drawMode":0,"name":"Shaded","section":"Shading Mode"},"sceneLighting":false,"audioPlay":false,"sceneViewState":{"m_AlwaysRefresh":false,"showFog":true,"showSkybox":false,"showFlares":true,"showImageEffects":true,"showParticleSystems":true,"showVisualEffectGraphs":true,"m_FxEnabled":true},"in2DMode":false,"pivot":{"x":0.02881622314453125,"y":0.4316682815551758,"z":12.144999504089356},"rotation":{"x":-0.0797046571969986,"y":0.023021165281534196,"z":-0.0018430015770718456,"w":-0.9965609908103943},"size":14.191908836364746,"orthographic":false}