{"cameraMode":{"drawMode":0,"name":"Shaded","section":"Shading Mode"},"sceneLighting":false,"audioPlay":false,"sceneViewState":{"m_AlwaysRefresh":false,"showFog":true,"showSkybox":false,"showFlares":true,"showImageEffects":true,"showParticleSystems":true,"showVisualEffectGraphs":true,"m_FxEnabled":true},"in2DMode":false,"pivot":{"x":-0.3264482021331787,"y":0.025767803192138673,"z":0.015519142150878907},"rotation":{"x":-0.0797046571969986,"y":0.023021165281534196,"z":-0.0018430015770718456,"w":-0.9965609908103943},"size":4.424418926239014,"orthographic":false}