{"cameraMode":{"drawMode":0,"name":"Shaded","section":"Shading Mode"},"sceneLighting":false,"audioPlay":false,"sceneViewState":{"m_AlwaysRefresh":false,"showFog":true,"showSkybox":false,"showFlares":true,"showImageEffects":true,"showParticleSystems":true,"showVisualEffectGraphs":true,"m_FxEnabled":true},"in2DMode":false,"pivot":{"x":-0.5068273544311523,"y":14.833610534667969,"z":-0.40717506408691409},"rotation":{"x":0.25791826844215395,"y":-0.23783209919929505,"z":-0.0656682625412941,"w":-0.9341436624526978},"size":11.23091983795166,"orthographic":false}